node_id,categor√≠a
1,milei
2,milei
3,milei
4,milei
5,milei
6,milei
7,milei
8,milei
9,milei
10,milei
11,milei
12,milei
13,milei
14,milei
15,milei
16,milei
17,milei
18,milei
19,milei
20,milei
21,milei
22,milei
23,milei
24,milei
25,milei
26,milei
27,milei
28,milei
29,milei
30,milei
31,milei
32,milei
33,milei
34,milei
35,milei
36,milei
37,milei
38,milei
39,milei
40,milei
41,milei
42,milei
43,milei
44,milei
45,milei
46,milei
47,milei
48,milei
49,milei
50,milei
51,milei
52,milei
53,milei
54,milei
55,milei
56,milei
57,milei
58,milei
59,milei
60,milei
61,milei
62,milei
63,milei
64,milei
65,milei
66,milei
67,milei
68,milei
69,milei
70,milei
71,milei
72,milei
73,milei
74,milei
75,milei
76,milei
77,milei
78,milei
79,milei
80,milei
81,milei
82,milei
83,milei
84,milei
85,milei
86,milei
87,milei
88,milei
89,milei
90,milei
91,milei
92,milei
93,milei
94,milei
95,milei
96,milei
97,milei
98,milei
99,milei
100,milei
101,milei
102,milei
103,milei
104,milei
105,milei
106,milei
107,milei
108,milei
109,milei
110,milei
111,milei
112,milei
113,milei
114,milei
115,milei
116,milei
117,milei
118,milei
119,milei
120,milei
121,milei
122,milei
123,milei
124,milei
125,milei
126,milei
127,milei
128,milei
129,milei
130,milei
131,milei
132,milei
133,milei
134,milei
135,milei
136,milei
137,milei
138,milei
139,milei
140,milei
141,milei
142,milei
143,milei
144,milei
145,milei
146,milei
147,milei
148,milei
149,milei
150,milei
151,milei
152,milei
153,milei
154,milei
155,milei
156,milei
157,milei
158,milei
159,milei
160,milei
161,milei
162,milei
163,milei
164,milei
165,milei
166,milei
167,milei
168,milei
169,milei
170,milei
171,milei
172,milei
173,milei
174,milei
175,milei
176,milei
177,milei
178,milei
179,milei
180,milei
181,milei
182,milei
183,milei
184,milei
185,milei
186,milei
187,milei
188,milei
189,milei
190,milei
191,milei
192,milei
193,milei
194,milei
195,milei
196,milei
197,milei
198,milei
199,milei
200,milei
201,milei
202,milei
203,milei
204,milei
205,milei
206,milei
207,milei
208,milei
209,milei
210,milei
211,milei
212,milei
213,milei
214,milei
215,milei
216,milei
217,milei
218,milei
219,milei
220,milei
221,milei
222,milei
223,milei
224,milei
225,milei
226,milei
227,milei
228,milei
229,milei
230,milei
231,milei
232,milei
233,milei
234,milei
235,milei
236,milei
237,milei
238,milei
239,milei
240,milei
241,milei
242,milei
243,milei
244,milei
245,milei
246,milei
247,milei
248,milei
249,milei
250,milei
251,milei
252,milei
253,milei
254,milei
255,milei
256,milei
257,milei
258,milei
259,milei
260,milei
261,milei
262,milei
263,milei
264,milei
265,milei
266,milei
267,milei
268,milei
269,milei
270,milei
271,milei
272,milei
273,milei
274,milei
275,milei
276,milei
277,milei
278,milei
279,milei
280,milei
281,milei
282,milei
283,milei
284,milei
285,milei
286,milei
287,milei
288,milei
289,milei
290,milei
291,milei
292,milei
293,milei
294,milei
295,milei
296,milei
297,milei
298,milei
299,milei
300,milei
301,milei
302,milei
303,milei
304,milei
305,milei
306,milei
307,milei
308,milei
309,milei
310,milei
311,milei
312,milei
313,milei
314,milei
315,milei
316,milei
317,milei
318,milei
319,milei
320,milei
321,milei
322,milei
323,milei
324,milei
325,milei
326,milei
327,milei
328,milei
329,milei
330,milei
331,milei
332,milei
333,milei
334,milei
335,milei
336,milei
337,milei
338,milei
339,milei
340,milei
341,milei
342,milei
343,milei
344,milei
345,milei
346,milei
347,milei
348,milei
349,milei
350,milei
351,milei
352,milei
353,milei
354,milei
355,milei
356,milei
357,milei
358,milei
359,milei
360,milei
361,milei
362,milei
363,milei
364,milei
365,milei
366,milei
367,milei
368,milei
369,milei
370,milei
371,milei
372,milei
373,milei
374,milei
375,milei
376,milei
377,milei
378,milei
379,milei
380,milei
381,milei
382,milei
383,milei
384,milei
385,milei
386,milei
387,milei
388,milei
389,milei
390,milei
391,milei
392,milei
393,milei
394,milei
395,milei
396,milei
397,milei
398,milei
399,milei
400,milei
401,milei
402,milei
403,milei
404,milei
405,milei
406,milei
407,milei
408,milei
409,milei
410,milei
411,milei
412,milei
413,milei
414,milei
415,milei
416,milei
417,milei
418,milei
419,milei
420,milei
421,milei
422,milei
423,milei
424,milei
425,milei
426,milei
427,milei
428,milei
429,milei
430,milei
431,milei
432,milei
433,milei
434,milei
435,milei
436,milei
437,milei
438,milei
439,milei
440,milei
441,milei
442,milei
443,milei
444,milei
445,milei
446,milei
447,milei
448,milei
449,milei
450,milei
451,milei
452,milei
453,milei
454,milei
455,milei
456,milei
457,milei
458,milei
459,milei
460,milei
461,milei
462,milei
463,milei
464,milei
465,milei
466,milei
467,milei
468,milei
469,milei
470,milei
471,milei
472,milei
473,milei
474,milei
475,milei
476,milei
477,milei
478,milei
479,milei
480,milei
481,milei
482,milei
483,milei
484,milei
485,milei
486,milei
487,milei
488,milei
489,milei
490,milei
491,milei
492,milei
493,milei
494,milei
495,milei
496,milei
497,milei
498,milei
499,milei
500,milei
501,cristina
502,cristina
503,cristina
504,cristina
505,cristina
506,cristina
507,cristina
508,cristina
509,cristina
510,cristina
511,cristina
512,cristina
513,cristina
514,cristina
515,cristina
516,cristina
517,cristina
518,cristina
519,cristina
520,cristina
521,cristina
522,cristina
523,cristina
524,cristina
525,cristina
526,cristina
527,cristina
528,cristina
529,cristina
530,cristina
531,cristina
532,cristina
533,cristina
534,cristina
535,cristina
536,cristina
537,cristina
538,cristina
539,cristina
540,cristina
541,cristina
542,cristina
543,cristina
544,cristina
545,cristina
546,cristina
547,cristina
548,cristina
549,cristina
550,cristina
551,cristina
552,cristina
553,cristina
554,cristina
555,cristina
556,cristina
557,cristina
558,cristina
559,cristina
560,cristina
561,cristina
562,cristina
563,cristina
564,cristina
565,cristina
566,cristina
567,cristina
568,cristina
569,cristina
570,cristina
571,cristina
572,cristina
573,cristina
574,cristina
575,cristina
576,cristina
577,cristina
578,cristina
579,cristina
580,cristina
581,cristina
582,cristina
583,cristina
584,cristina
585,cristina
586,cristina
587,cristina
588,cristina
589,cristina
590,cristina
591,cristina
592,cristina
593,cristina
594,cristina
595,cristina
596,cristina
597,cristina
598,cristina
599,cristina
600,cristina
601,cristina
602,cristina
603,cristina
604,cristina
605,cristina
606,cristina
607,cristina
608,cristina
609,cristina
610,cristina
611,cristina
612,cristina
613,cristina
614,cristina
615,cristina
616,cristina
617,cristina
618,cristina
619,cristina
620,cristina
621,cristina
622,cristina
623,cristina
624,cristina
625,cristina
626,cristina
627,cristina
628,cristina
629,cristina
630,cristina
631,cristina
632,cristina
633,cristina
634,cristina
635,cristina
636,cristina
637,cristina
638,cristina
639,cristina
640,cristina
641,cristina
642,cristina
643,cristina
644,cristina
645,cristina
646,cristina
647,cristina
648,cristina
649,cristina
650,cristina
651,cristina
652,cristina
653,cristina
654,cristina
655,cristina
656,cristina
657,cristina
658,cristina
659,cristina
660,cristina
661,cristina
662,cristina
663,cristina
664,cristina
665,cristina
666,cristina
667,cristina
668,cristina
669,cristina
670,cristina
671,cristina
672,cristina
673,cristina
674,cristina
675,cristina
676,cristina
677,cristina
678,cristina
679,cristina
680,cristina
681,cristina
682,cristina
683,cristina
684,cristina
685,cristina
686,cristina
687,cristina
688,cristina
689,cristina
690,cristina
691,cristina
692,cristina
693,cristina
694,cristina
695,cristina
696,cristina
697,cristina
698,cristina
699,cristina
700,cristina
701,cristina
702,cristina
703,cristina
704,cristina
705,cristina
706,cristina
707,cristina
708,cristina
709,cristina
710,cristina
711,cristina
712,cristina
713,cristina
714,cristina
715,cristina
716,cristina
717,cristina
718,cristina
719,cristina
720,cristina
721,cristina
722,cristina
723,cristina
724,cristina
725,cristina
726,cristina
727,cristina
728,cristina
729,cristina
730,cristina
731,cristina
732,cristina
733,cristina
734,cristina
735,cristina
736,cristina
737,cristina
738,cristina
739,cristina
740,cristina
741,cristina
742,cristina
743,cristina
744,cristina
745,cristina
746,cristina
747,cristina
748,cristina
749,cristina
750,cristina
751,cristina
752,cristina
753,cristina
754,cristina
755,cristina
756,cristina
757,cristina
758,cristina
759,cristina
760,cristina
761,cristina
762,cristina
763,cristina
764,cristina
765,cristina
766,cristina
767,cristina
768,cristina
769,cristina
770,cristina
771,cristina
772,cristina
773,cristina
774,cristina
775,cristina
776,cristina
777,cristina
778,cristina
779,cristina
780,cristina
781,cristina
782,cristina
783,cristina
784,cristina
785,cristina
786,cristina
787,cristina
788,cristina
789,cristina
790,cristina
791,cristina
792,cristina
793,cristina
794,cristina
795,cristina
796,cristina
797,cristina
798,cristina
799,cristina
800,cristina
801,cristina
802,cristina
803,cristina
804,cristina
805,cristina
806,cristina
807,cristina
808,cristina
809,cristina
810,cristina
811,cristina
812,cristina
813,cristina
814,cristina
815,cristina
816,cristina
817,cristina
818,cristina
819,cristina
820,cristina
821,cristina
822,cristina
823,cristina
824,cristina
825,cristina
826,cristina
827,cristina
828,cristina
829,cristina
830,cristina
831,cristina
832,cristina
833,cristina
834,cristina
835,cristina
836,cristina
837,cristina
838,cristina
839,cristina
840,cristina
841,cristina
842,cristina
843,cristina
844,cristina
845,cristina
846,cristina
847,cristina
848,cristina
849,cristina
850,cristina
851,cristina
852,cristina
853,cristina
854,cristina
855,cristina
856,cristina
857,cristina
858,cristina
859,cristina
860,cristina
861,cristina
862,cristina
863,cristina
864,cristina
865,cristina
866,cristina
867,cristina
868,cristina
869,cristina
870,cristina
871,cristina
872,cristina
873,cristina
874,cristina
875,cristina
876,cristina
877,cristina
878,cristina
879,cristina
880,cristina
881,cristina
882,cristina
883,cristina
884,cristina
885,cristina
886,cristina
887,cristina
888,cristina
889,cristina
890,cristina
891,cristina
892,cristina
893,cristina
894,cristina
895,cristina
896,cristina
897,cristina
898,cristina
899,cristina
900,cristina
901,cristina
902,cristina
903,cristina
904,cristina
905,cristina
906,cristina
907,cristina
908,cristina
909,cristina
910,cristina
911,cristina
912,cristina
913,cristina
914,cristina
915,cristina
916,cristina
917,cristina
918,cristina
919,cristina
920,cristina
921,cristina
922,cristina
923,cristina
924,cristina
925,cristina
926,cristina
927,cristina
928,cristina
929,cristina
930,cristina
931,cristina
932,cristina
933,cristina
934,cristina
935,cristina
936,cristina
937,cristina
938,cristina
939,cristina
940,cristina
941,cristina
942,cristina
943,cristina
944,cristina
945,cristina
946,cristina
947,cristina
948,cristina
949,cristina
950,cristina
951,cristina
952,cristina
953,cristina
954,cristina
955,cristina
956,cristina
957,cristina
958,cristina
959,cristina
960,cristina
961,cristina
962,cristina
963,cristina
964,cristina
965,cristina
966,cristina
967,cristina
968,cristina
969,cristina
970,cristina
971,cristina
972,cristina
973,cristina
974,cristina
975,cristina
976,cristina
977,cristina
978,cristina
979,cristina
980,cristina
981,cristina
982,cristina
983,cristina
984,cristina
985,cristina
986,cristina
987,cristina
988,cristina
989,cristina
990,cristina
991,cristina
992,cristina
993,cristina
994,cristina
995,cristina
996,cristina
997,cristina
998,cristina
999,cristina
1000,cristina
1001,alberto
1002,alberto
1003,alberto
1004,alberto
1005,alberto
1006,alberto
1007,alberto
1008,alberto
1009,alberto
1010,alberto
1011,alberto
1012,alberto
1013,alberto
1014,alberto
1015,alberto
1016,alberto
1017,alberto
1018,alberto
1019,alberto
1020,alberto
1021,alberto
1022,alberto
1023,alberto
1024,alberto
1025,alberto
1026,alberto
1027,alberto
1028,alberto
1029,alberto
1030,alberto
1031,alberto
1032,alberto
1033,alberto
1034,alberto
1035,alberto
1036,alberto
1037,alberto
1038,alberto
1039,alberto
1040,alberto
1041,alberto
1042,alberto
1043,alberto
1044,alberto
1045,alberto
1046,alberto
1047,alberto
1048,alberto
1049,alberto
1050,alberto
1051,alberto
1052,alberto
1053,alberto
1054,alberto
1055,alberto
1056,alberto
1057,alberto
1058,alberto
1059,alberto
1060,alberto
1061,alberto
1062,alberto
1063,alberto
1064,alberto
1065,alberto
1066,alberto
1067,alberto
1068,alberto
1069,alberto
1070,alberto
1071,alberto
1072,alberto
1073,alberto
1074,alberto
1075,alberto
1076,alberto
1077,alberto
1078,alberto
1079,alberto
1080,alberto
1081,alberto
1082,alberto
1083,alberto
1084,alberto
1085,alberto
1086,alberto
1087,alberto
1088,alberto
1089,alberto
1090,alberto
1091,alberto
1092,alberto
1093,alberto
1094,alberto
1095,alberto
1096,alberto
1097,alberto
1098,alberto
1099,alberto
1100,alberto
1101,alberto
1102,alberto
1103,alberto
1104,alberto
1105,alberto
1106,alberto
1107,alberto
1108,alberto
1109,alberto
1110,alberto
1111,alberto
1112,alberto
1113,alberto
1114,alberto
1115,alberto
1116,alberto
1117,alberto
1118,alberto
1119,alberto
1120,alberto
1121,alberto
1122,alberto
1123,alberto
1124,alberto
1125,alberto
1126,alberto
1127,alberto
1128,alberto
1129,alberto
1130,alberto
1131,alberto
1132,alberto
1133,alberto
1134,alberto
1135,alberto
1136,alberto
1137,alberto
1138,alberto
1139,alberto
1140,alberto
1141,alberto
1142,alberto
1143,alberto
1144,alberto
1145,alberto
1146,alberto
1147,alberto
1148,alberto
1149,alberto
1150,alberto
1151,alberto
1152,alberto
1153,alberto
1154,alberto
1155,alberto
1156,alberto
1157,alberto
1158,alberto
1159,alberto
1160,alberto
1161,alberto
1162,alberto
1163,alberto
1164,alberto
1165,alberto
1166,alberto
1167,alberto
1168,alberto
1169,alberto
1170,alberto
1171,alberto
1172,alberto
1173,alberto
1174,alberto
1175,alberto
1176,alberto
1177,alberto
1178,alberto
1179,alberto
1180,alberto
1181,alberto
1182,alberto
1183,alberto
1184,alberto
1185,alberto
1186,alberto
1187,alberto
1188,alberto
1189,alberto
1190,alberto
1191,alberto
1192,alberto
1193,alberto
1194,alberto
1195,alberto
1196,alberto
1197,alberto
1198,alberto
1199,alberto
1200,alberto
1201,alberto
1202,alberto
1203,alberto
1204,alberto
1205,alberto
1206,alberto
1207,alberto
1208,alberto
1209,alberto
1210,alberto
1211,alberto
1212,alberto
1213,alberto
1214,alberto
1215,alberto
1216,alberto
1217,alberto
1218,alberto
1219,alberto
1220,alberto
1221,alberto
1222,alberto
1223,alberto
1224,alberto
1225,alberto
1226,alberto
1227,alberto
1228,alberto
1229,alberto
1230,alberto
1231,alberto
1232,alberto
1233,alberto
1234,alberto
1235,alberto
1236,alberto
1237,alberto
1238,alberto
1239,alberto
1240,alberto
1241,alberto
1242,alberto
1243,alberto
1244,alberto
1245,alberto
1246,alberto
1247,alberto
1248,alberto
1249,alberto
1250,alberto
1251,alberto
1252,alberto
1253,alberto
1254,alberto
1255,alberto
1256,alberto
1257,alberto
1258,alberto
1259,alberto
1260,alberto
1261,alberto
1262,alberto
1263,alberto
1264,alberto
1265,alberto
1266,alberto
1267,alberto
1268,alberto
1269,alberto
1270,alberto
1271,alberto
1272,alberto
1273,alberto
1274,alberto
1275,alberto
1276,alberto
1277,alberto
1278,alberto
1279,alberto
1280,alberto
1281,alberto
1282,alberto
1283,alberto
1284,alberto
1285,alberto
1286,alberto
1287,alberto
1288,alberto
1289,alberto
1290,alberto
1291,alberto
1292,alberto
1293,alberto
1294,alberto
1295,alberto
1296,alberto
1297,alberto
1298,alberto
1299,alberto
1300,alberto
1301,alberto
1302,alberto
1303,alberto
1304,alberto
1305,alberto
1306,alberto
1307,alberto
1308,alberto
1309,alberto
1310,alberto
1311,alberto
1312,alberto
1313,alberto
1314,alberto
1315,alberto
1316,alberto
1317,alberto
1318,alberto
1319,alberto
1320,alberto
1321,alberto
1322,alberto
1323,alberto
1324,alberto
1325,alberto
1326,alberto
1327,alberto
1328,alberto
1329,alberto
1330,alberto
1331,alberto
1332,alberto
1333,alberto
1334,alberto
1335,alberto
1336,alberto
1337,alberto
1338,alberto
1339,alberto
1340,alberto
1341,alberto
1342,alberto
1343,alberto
1344,alberto
1345,alberto
1346,alberto
1347,alberto
1348,alberto
1349,alberto
1350,alberto
1351,alberto
1352,alberto
1353,alberto
1354,alberto
1355,alberto
1356,alberto
1357,alberto
1358,alberto
1359,alberto
1360,alberto
1361,alberto
1362,alberto
1363,alberto
1364,alberto
1365,alberto
1366,alberto
1367,alberto
1368,alberto
1369,alberto
1370,alberto
1371,alberto
1372,alberto
1373,alberto
1374,alberto
1375,alberto
1376,alberto
1377,alberto
1378,alberto
1379,alberto
1380,alberto
1381,alberto
1382,alberto
1383,alberto
1384,alberto
1385,alberto
1386,alberto
1387,alberto
1388,alberto
1389,alberto
1390,alberto
1391,alberto
1392,alberto
1393,alberto
1394,alberto
1395,alberto
1396,alberto
1397,alberto
1398,alberto
1399,alberto
1400,alberto
1401,alberto
1402,alberto
1403,alberto
1404,alberto
1405,alberto
1406,alberto
1407,alberto
1408,alberto
1409,alberto
1410,alberto
1411,alberto
1412,alberto
1413,alberto
1414,alberto
1415,alberto
1416,alberto
1417,alberto
1418,alberto
1419,alberto
1420,alberto
1421,alberto
1422,alberto
1423,alberto
1424,alberto
1425,alberto
1426,alberto
1427,alberto
1428,alberto
1429,alberto
1430,alberto
1431,alberto
1432,alberto
1433,alberto
1434,alberto
1435,alberto
1436,alberto
1437,alberto
1438,alberto
1439,alberto
1440,alberto
1441,alberto
1442,alberto
1443,alberto
1444,alberto
1445,alberto
1446,alberto
1447,alberto
1448,alberto
1449,alberto
1450,alberto
1451,alberto
1452,alberto
1453,alberto
1454,alberto
1455,alberto
1456,alberto
1457,alberto
1458,alberto
1459,alberto
1460,alberto
1461,alberto
1462,alberto
1463,alberto
1464,alberto
1465,alberto
1466,alberto
1467,alberto
1468,alberto
1469,alberto
1470,alberto
1471,alberto
1472,alberto
1473,alberto
1474,alberto
1475,alberto
1476,alberto
1477,alberto
1478,alberto
1479,alberto
1480,alberto
1481,alberto
1482,alberto
1483,alberto
1484,alberto
1485,alberto
1486,alberto
1487,alberto
1488,alberto
1489,alberto
1490,alberto
1491,alberto
1492,alberto
1493,alberto
1494,alberto
1495,alberto
1496,alberto
1497,alberto
1498,alberto
1499,alberto
1500,alberto
1501,macri
1502,macri
1503,macri
1504,macri
1505,macri
1506,macri
1507,macri
1508,macri
1509,macri
1510,macri
1511,macri
1512,macri
1513,macri
1514,macri
1515,macri
1516,macri
1517,macri
1518,macri
1519,macri
1520,macri
1521,macri
1522,macri
1523,macri
1524,macri
1525,macri
1526,macri
1527,macri
1528,macri
1529,macri
1530,macri
1531,macri
1532,macri
1533,macri
1534,macri
1535,macri
1536,macri
1537,macri
1538,macri
1539,macri
1540,macri
1541,macri
1542,macri
1543,macri
1544,macri
1545,macri
1546,macri
1547,macri
1548,macri
1549,macri
1550,macri
1551,macri
1552,macri
1553,macri
1554,macri
1555,macri
1556,macri
1557,macri
1558,macri
1559,macri
1560,macri
1561,macri
1562,macri
1563,macri
1564,macri
1565,macri
1566,macri
1567,macri
1568,macri
1569,macri
1570,macri
1571,macri
1572,macri
1573,macri
1574,macri
1575,macri
1576,macri
1577,macri
1578,macri
1579,macri
1580,macri
1581,macri
1582,macri
1583,macri
1584,macri
1585,macri
1586,macri
1587,macri
1588,macri
1589,macri
1590,macri
1591,macri
1592,macri
1593,macri
1594,macri
1595,macri
1596,macri
1597,macri
1598,macri
1599,macri
1600,macri
1601,macri
1602,macri
1603,macri
1604,macri
1605,macri
1606,macri
1607,macri
1608,macri
1609,macri
1610,macri
1611,macri
1612,macri
1613,macri
1614,macri
1615,macri
1616,macri
1617,macri
1618,macri
1619,macri
1620,macri
1621,macri
1622,macri
1623,macri
1624,macri
1625,macri
1626,macri
1627,macri
1628,macri
1629,macri
1630,macri
1631,macri
1632,macri
1633,macri
1634,macri
1635,macri
1636,macri
1637,macri
1638,macri
1639,macri
1640,macri
1641,macri
1642,macri
1643,macri
1644,macri
1645,macri
1646,macri
1647,macri
1648,macri
1649,macri
1650,macri
1651,macri
1652,macri
1653,macri
1654,macri
1655,macri
1656,macri
1657,macri
1658,macri
1659,macri
1660,macri
1661,macri
1662,macri
1663,macri
1664,macri
1665,macri
1666,macri
1667,macri
1668,macri
1669,macri
1670,macri
1671,macri
1672,macri
1673,macri
1674,macri
1675,macri
1676,macri
1677,macri
1678,macri
1679,macri
1680,macri
1681,macri
1682,macri
1683,macri
1684,macri
1685,macri
1686,macri
1687,macri
1688,macri
1689,macri
1690,macri
1691,macri
1692,macri
1693,macri
1694,macri
1695,macri
1696,macri
1697,macri
1698,macri
1699,macri
1700,macri
1701,macri
1702,macri
1703,macri
1704,macri
1705,macri
1706,macri
1707,macri
1708,macri
1709,macri
1710,macri
1711,macri
1712,macri
1713,macri
1714,macri
1715,macri
1716,macri
1717,macri
1718,macri
1719,macri
1720,macri
1721,macri
1722,macri
1723,macri
1724,macri
1725,macri
1726,macri
1727,macri
1728,macri
1729,macri
1730,macri
1731,macri
1732,macri
1733,macri
1734,macri
1735,macri
1736,macri
1737,macri
1738,macri
1739,macri
1740,macri
1741,macri
1742,macri
1743,macri
1744,macri
1745,macri
1746,macri
1747,macri
1748,macri
1749,macri
1750,macri
1751,macri
1752,macri
1753,macri
1754,macri
1755,macri
1756,macri
1757,macri
1758,macri
1759,macri
1760,macri
1761,macri
1762,macri
1763,macri
1764,macri
1765,macri
1766,macri
1767,macri
1768,macri
1769,macri
1770,macri
1771,macri
1772,macri
1773,macri
1774,macri
1775,macri
1776,macri
1777,macri
1778,macri
1779,macri
1780,macri
1781,macri
1782,macri
1783,macri
1784,macri
1785,macri
1786,macri
1787,macri
1788,macri
1789,macri
1790,macri
1791,macri
1792,macri
1793,macri
1794,macri
1795,macri
1796,macri
1797,macri
1798,macri
1799,macri
1800,macri
1801,macri
1802,macri
1803,macri
1804,macri
1805,macri
1806,macri
1807,macri
1808,macri
1809,macri
1810,macri
1811,macri
1812,macri
1813,macri
1814,macri
1815,macri
1816,macri
1817,macri
1818,macri
1819,macri
1820,macri
1821,macri
1822,macri
1823,macri
1824,macri
1825,macri
1826,macri
1827,macri
1828,macri
1829,macri
1830,macri
1831,macri
1832,macri
1833,macri
1834,macri
1835,macri
1836,macri
1837,macri
1838,macri
1839,macri
1840,macri
1841,macri
1842,macri
1843,macri
1844,macri
1845,macri
1846,macri
1847,macri
1848,macri
1849,macri
1850,macri
1851,macri
1852,macri
1853,macri
1854,macri
1855,macri
1856,macri
1857,macri
1858,macri
1859,macri
1860,macri
1861,macri
1862,macri
1863,macri
1864,macri
1865,macri
1866,macri
1867,macri
1868,macri
1869,macri
1870,macri
1871,macri
1872,macri
1873,macri
1874,macri
1875,macri
1876,macri
1877,macri
1878,macri
1879,macri
1880,macri
1881,macri
1882,macri
1883,macri
1884,macri
1885,macri
1886,macri
1887,macri
1888,macri
1889,macri
1890,macri
1891,macri
1892,macri
1893,macri
1894,macri
1895,macri
1896,macri
1897,macri
1898,macri
1899,macri
1900,macri
1901,macri
1902,macri
1903,macri
1904,macri
1905,macri
1906,macri
1907,macri
1908,macri
1909,macri
1910,macri
1911,macri
1912,macri
1913,macri
1914,macri
1915,macri
1916,macri
1917,macri
1918,macri
1919,macri
1920,macri
1921,macri
1922,macri
1923,macri
1924,macri
1925,macri
1926,macri
1927,macri
1928,macri
1929,macri
1930,macri
1931,macri
1932,macri
1933,macri
1934,macri
1935,macri
1936,macri
1937,macri
1938,macri
1939,macri
1940,macri
1941,macri
1942,macri
1943,macri
1944,macri
1945,macri
1946,macri
1947,macri
1948,macri
1949,macri
1950,macri
1951,macri
1952,macri
1953,macri
1954,macri
1955,macri
1956,macri
1957,macri
1958,macri
1959,macri
1960,macri
1961,macri
1962,macri
1963,macri
1964,macri
1965,macri
1966,macri
1967,macri
1968,macri
1969,macri
1970,macri
1971,macri
1972,macri
1973,macri
1974,macri
1975,macri
1976,macri
1977,macri
1978,macri
1979,macri
1980,macri
1981,macri
1982,macri
1983,macri
1984,macri
1985,macri
1986,macri
1987,macri
1988,macri
1989,macri
1990,macri
1991,macri
1992,macri
1993,macri
1994,macri
1995,macri
1996,macri
1997,macri
1998,macri
1999,macri
2000,macri
2001,nestor
2002,nestor
2003,nestor
2004,nestor
2005,nestor
2006,nestor
2007,nestor
2008,nestor
2009,nestor
2010,nestor
2011,nestor
2012,nestor
2013,nestor
2014,nestor
2015,nestor
2016,nestor
2017,nestor
2018,nestor
2019,nestor
2020,nestor
2021,nestor
2022,nestor
2023,nestor
2024,nestor
2025,nestor
2026,nestor
2027,nestor
2028,nestor
2029,nestor
2030,nestor
2031,nestor
2032,nestor
2033,nestor
2034,nestor
2035,nestor
2036,nestor
2037,nestor
2038,nestor
2039,nestor
2040,nestor
2041,nestor
2042,nestor
2043,nestor
2044,nestor
2045,nestor
2046,nestor
2047,nestor
2048,nestor
2049,nestor
2050,nestor
2051,nestor
2052,nestor
2053,nestor
2054,nestor
2055,nestor
2056,nestor
2057,nestor
2058,nestor
2059,nestor
2060,nestor
2061,nestor
2062,nestor
2063,nestor
2064,nestor
2065,nestor
2066,nestor
2067,nestor
2068,nestor
2069,nestor
2070,nestor
2071,nestor
2072,nestor
2073,nestor
2074,nestor
2075,nestor
2076,nestor
2077,nestor
2078,nestor
2079,nestor
2080,nestor
2081,nestor
2082,nestor
2083,nestor
2084,nestor
2085,nestor
2086,nestor
2087,nestor
2088,nestor
2089,nestor
2090,nestor
2091,nestor
2092,nestor
2093,nestor
2094,nestor
2095,nestor
2096,nestor
2097,nestor
2098,nestor
2099,nestor
2100,nestor
2101,nestor
2102,nestor
2103,nestor
2104,nestor
2105,nestor
2106,nestor
2107,nestor
2108,nestor
2109,nestor
2110,nestor
2111,nestor
2112,nestor
2113,nestor
2114,nestor
2115,nestor
2116,nestor
2117,nestor
2118,nestor
2119,nestor
2120,nestor
2121,nestor
2122,nestor
2123,nestor
2124,nestor
2125,nestor
2126,nestor
2127,nestor
2128,nestor
2129,nestor
2130,nestor
2131,nestor
2132,nestor
2133,nestor
2134,nestor
2135,nestor
2136,nestor
2137,nestor
2138,nestor
2139,nestor
2140,nestor
2141,nestor
2142,nestor
2143,nestor
2144,nestor
2145,nestor
2146,nestor
2147,nestor
2148,nestor
2149,nestor
2150,nestor
2151,nestor
2152,nestor
2153,nestor
2154,nestor
2155,nestor
2156,nestor
2157,nestor
2158,nestor
2159,nestor
2160,nestor
2161,nestor
2162,nestor
2163,nestor
2164,nestor
2165,nestor
2166,nestor
2167,nestor
2168,nestor
2169,nestor
2170,nestor
2171,nestor
2172,nestor
2173,nestor
2174,nestor
2175,nestor
2176,nestor
2177,nestor
2178,nestor
2179,nestor
2180,nestor
2181,nestor
2182,nestor
2183,nestor
2184,nestor
2185,nestor
2186,nestor
2187,nestor
2188,nestor
2189,nestor
2190,nestor
2191,nestor
2192,nestor
2193,nestor
2194,nestor
2195,nestor
2196,nestor
2197,nestor
2198,nestor
2199,nestor
2200,nestor
2201,nestor
2202,nestor
2203,nestor
2204,nestor
2205,nestor
2206,nestor
2207,nestor
2208,nestor
2209,nestor
2210,nestor
2211,nestor
2212,nestor
2213,nestor
2214,nestor
2215,nestor
2216,nestor
2217,nestor
2218,nestor
2219,nestor
2220,nestor
2221,nestor
2222,nestor
2223,nestor
2224,nestor
2225,nestor
2226,nestor
2227,nestor
2228,nestor
2229,nestor
2230,nestor
2231,nestor
2232,nestor
2233,nestor
2234,nestor
2235,nestor
2236,nestor
2237,nestor
2238,nestor
2239,nestor
2240,nestor
2241,nestor
2242,nestor
2243,nestor
2244,nestor
2245,nestor
2246,nestor
2247,nestor
2248,nestor
2249,nestor
2250,nestor
2251,nestor
2252,nestor
2253,nestor
2254,nestor
2255,nestor
2256,nestor
2257,nestor
2258,nestor
2259,nestor
2260,nestor
2261,nestor
2262,nestor
2263,nestor
2264,nestor
2265,nestor
2266,nestor
2267,nestor
2268,nestor
2269,nestor
2270,nestor
2271,nestor
2272,nestor
2273,nestor
2274,nestor
2275,nestor
2276,nestor
2277,nestor
2278,nestor
2279,nestor
2280,nestor
2281,nestor
2282,nestor
2283,nestor
2284,nestor
2285,nestor
2286,nestor
2287,nestor
2288,nestor
2289,nestor
2290,nestor
2291,nestor
2292,nestor
2293,nestor
2294,nestor
2295,nestor
2296,nestor
2297,nestor
2298,nestor
2299,nestor
2300,nestor
2301,nestor
2302,nestor
2303,nestor
2304,nestor
2305,nestor
2306,nestor
2307,nestor
2308,nestor
2309,nestor
2310,nestor
2311,nestor
2312,nestor
2313,nestor
2314,nestor
2315,nestor
2316,nestor
2317,nestor
2318,nestor
2319,nestor
2320,nestor
2321,nestor
2322,nestor
2323,nestor
2324,nestor
2325,nestor
2326,nestor
2327,nestor
2328,nestor
2329,nestor
2330,nestor
2331,nestor
2332,nestor
2333,nestor
2334,nestor
2335,nestor
2336,nestor
2337,nestor
2338,nestor
2339,nestor
2340,nestor
2341,nestor
2342,nestor
2343,nestor
2344,nestor
2345,nestor
2346,nestor
2347,nestor
2348,nestor
2349,nestor
2350,nestor
2351,nestor
2352,nestor
2353,nestor
2354,nestor
2355,nestor
2356,nestor
2357,nestor
2358,nestor
2359,nestor
2360,nestor
2361,nestor
2362,nestor
2363,nestor
2364,nestor
2365,nestor
2366,nestor
2367,nestor
2368,nestor
2369,nestor
2370,nestor
2371,nestor
2372,nestor
2373,nestor
2374,nestor
2375,nestor
2376,nestor
2377,nestor
2378,nestor
2379,nestor
2380,nestor
2381,nestor
2382,nestor
2383,nestor
2384,nestor
2385,nestor
2386,nestor
2387,nestor
2388,nestor
2389,nestor
2390,nestor
2391,nestor
2392,nestor
2393,nestor
2394,nestor
2395,nestor
2396,nestor
2397,nestor
2398,nestor
2399,nestor
2400,nestor
2401,nestor
2402,nestor
2403,nestor
2404,nestor
2405,nestor
2406,nestor
2407,nestor
2408,nestor
2409,nestor
2410,nestor
2411,nestor
2412,nestor
2413,nestor
2414,nestor
2415,nestor
2416,nestor
2417,nestor
2418,nestor
2419,nestor
2420,nestor
2421,nestor
2422,nestor
2423,nestor
2424,nestor
2425,nestor
2426,nestor
2427,nestor
2428,nestor
2429,nestor
2430,nestor
2431,nestor
2432,nestor
2433,nestor
2434,nestor
2435,nestor
2436,nestor
2437,nestor
2438,nestor
2439,nestor
2440,nestor
2441,nestor
2442,nestor
2443,nestor
2444,nestor
2445,nestor
2446,nestor
2447,nestor
2448,nestor
2449,nestor
2450,nestor
2451,nestor
2452,nestor
2453,nestor
2454,nestor
2455,nestor
2456,nestor
2457,nestor
2458,nestor
2459,nestor
2460,nestor
2461,nestor
2462,nestor
2463,nestor
2464,nestor
2465,nestor
2466,nestor
2467,nestor
2468,nestor
2469,nestor
2470,nestor
2471,nestor
2472,nestor
2473,nestor
2474,nestor
2475,nestor
2476,nestor
2477,nestor
2478,nestor
2479,nestor
2480,nestor
2481,nestor
2482,nestor
2483,nestor
2484,nestor
2485,nestor
2486,nestor
2487,nestor
2488,nestor
2489,nestor
2490,nestor
2491,nestor
2492,nestor
2493,nestor
2494,nestor
2495,nestor
2496,nestor
2497,nestor
2498,nestor
2499,nestor
2500,nestor
2501,duhalde
2502,duhalde
2503,duhalde
2504,duhalde
2505,duhalde
2506,duhalde
2507,duhalde
2508,duhalde
2509,duhalde
2510,duhalde
2511,duhalde
2512,duhalde
2513,duhalde
2514,duhalde
2515,duhalde
2516,duhalde
2517,duhalde
2518,duhalde
2519,duhalde
2520,duhalde
2521,duhalde
2522,duhalde
2523,duhalde
2524,duhalde
2525,duhalde
2526,duhalde
2527,duhalde
2528,duhalde
2529,duhalde
2530,duhalde
2531,duhalde
2532,duhalde
2533,duhalde
2534,duhalde
2535,duhalde
2536,duhalde
2537,duhalde
2538,duhalde
2539,duhalde
2540,duhalde
2541,duhalde
2542,duhalde
2543,duhalde
2544,duhalde
2545,duhalde
2546,duhalde
2547,duhalde
2548,duhalde
2549,duhalde
2550,duhalde
2551,duhalde
2552,duhalde
2553,duhalde
2554,duhalde
2555,duhalde
2556,duhalde
2557,duhalde
2558,duhalde
2559,duhalde
2560,duhalde
2561,duhalde
2562,duhalde
2563,duhalde
2564,duhalde
2565,duhalde
2566,duhalde
2567,duhalde
2568,duhalde
2569,duhalde
2570,duhalde
2571,duhalde
2572,duhalde
2573,duhalde
2574,duhalde
2575,duhalde
2576,duhalde
2577,duhalde
2578,duhalde
2579,duhalde
2580,duhalde
2581,duhalde
2582,duhalde
2583,duhalde
2584,duhalde
2585,duhalde
2586,duhalde
2587,duhalde
2588,duhalde
2589,duhalde
2590,duhalde
2591,duhalde
2592,duhalde
2593,duhalde
2594,duhalde
2595,duhalde
2596,duhalde
2597,duhalde
2598,duhalde
2599,duhalde
2600,duhalde
2601,duhalde
2602,duhalde
2603,duhalde
2604,duhalde
2605,duhalde
2606,duhalde
2607,duhalde
2608,duhalde
2609,duhalde
2610,duhalde
2611,duhalde
2612,duhalde
2613,duhalde
2614,duhalde
2615,duhalde
2616,duhalde
2617,duhalde
2618,duhalde
2619,duhalde
2620,duhalde
2621,duhalde
2622,duhalde
2623,duhalde
2624,duhalde
2625,duhalde
2626,duhalde
2627,duhalde
2628,duhalde
2629,duhalde
2630,duhalde
2631,duhalde
2632,duhalde
2633,duhalde
2634,duhalde
2635,duhalde
2636,duhalde
2637,duhalde
2638,duhalde
2639,duhalde
2640,duhalde
2641,duhalde
2642,duhalde
2643,duhalde
2644,duhalde
2645,duhalde
2646,duhalde
2647,duhalde
2648,duhalde
2649,duhalde
2650,duhalde
2651,duhalde
2652,duhalde
2653,duhalde
2654,duhalde
2655,duhalde
2656,duhalde
2657,duhalde
2658,duhalde
2659,duhalde
2660,duhalde
2661,duhalde
2662,duhalde
2663,duhalde
2664,duhalde
2665,duhalde
2666,duhalde
2667,duhalde
2668,duhalde
2669,duhalde
2670,duhalde
2671,duhalde
2672,duhalde
2673,duhalde
2674,duhalde
2675,duhalde
2676,duhalde
2677,duhalde
2678,duhalde
2679,duhalde
2680,duhalde
2681,duhalde
2682,duhalde
2683,duhalde
2684,duhalde
2685,duhalde
2686,duhalde
2687,duhalde
2688,duhalde
2689,duhalde
2690,duhalde
2691,duhalde
2692,duhalde
2693,duhalde
2694,duhalde
2695,duhalde
2696,duhalde
2697,duhalde
2698,duhalde
2699,duhalde
2700,duhalde
2701,duhalde
2702,duhalde
2703,duhalde
2704,duhalde
2705,duhalde
2706,duhalde
2707,duhalde
2708,duhalde
2709,duhalde
2710,duhalde
2711,duhalde
2712,duhalde
2713,duhalde
2714,duhalde
2715,duhalde
2716,duhalde
2717,duhalde
2718,duhalde
2719,duhalde
2720,duhalde
2721,duhalde
2722,duhalde
2723,duhalde
2724,duhalde
2725,duhalde
2726,duhalde
2727,duhalde
2728,duhalde
2729,duhalde
2730,duhalde
2731,duhalde
2732,duhalde
2733,duhalde
2734,duhalde
2735,duhalde
2736,duhalde
2737,duhalde
2738,duhalde
2739,duhalde
2740,duhalde
2741,duhalde
2742,duhalde
2743,duhalde
2744,duhalde
2745,duhalde
2746,duhalde
2747,duhalde
2748,duhalde
2749,duhalde
2750,duhalde
2751,duhalde
2752,duhalde
2753,duhalde
2754,duhalde
2755,duhalde
2756,duhalde
2757,duhalde
2758,duhalde
2759,duhalde
2760,duhalde
2761,duhalde
2762,duhalde
2763,duhalde
2764,duhalde
2765,duhalde
2766,duhalde
2767,duhalde
2768,duhalde
2769,duhalde
2770,duhalde
2771,duhalde
2772,duhalde
2773,duhalde
2774,duhalde
2775,duhalde
2776,duhalde
2777,duhalde
2778,duhalde
2779,duhalde
2780,duhalde
2781,duhalde
2782,duhalde
2783,duhalde
2784,duhalde
2785,duhalde
2786,duhalde
2787,duhalde
2788,duhalde
2789,duhalde
2790,duhalde
2791,duhalde
2792,duhalde
2793,duhalde
2794,duhalde
2795,duhalde
2796,duhalde
2797,duhalde
2798,duhalde
2799,duhalde
2800,duhalde
2801,duhalde
2802,duhalde
2803,duhalde
2804,duhalde
2805,duhalde
2806,duhalde
2807,duhalde
2808,duhalde
2809,duhalde
2810,duhalde
2811,duhalde
2812,duhalde
2813,duhalde
2814,duhalde
2815,duhalde
2816,duhalde
2817,duhalde
2818,duhalde
2819,duhalde
2820,duhalde
2821,duhalde
2822,duhalde
2823,duhalde
2824,duhalde
2825,duhalde
2826,duhalde
2827,duhalde
2828,duhalde
2829,duhalde
2830,duhalde
2831,duhalde
2832,duhalde
2833,duhalde
2834,duhalde
2835,duhalde
2836,duhalde
2837,duhalde
2838,duhalde
2839,duhalde
2840,duhalde
2841,duhalde
2842,duhalde
2843,duhalde
2844,duhalde
2845,duhalde
2846,duhalde
2847,duhalde
2848,duhalde
2849,duhalde
2850,duhalde
2851,duhalde
2852,duhalde
2853,duhalde
2854,duhalde
2855,duhalde
2856,duhalde
2857,duhalde
2858,duhalde
2859,duhalde
2860,duhalde
2861,duhalde
2862,duhalde
2863,duhalde
2864,duhalde
2865,duhalde
2866,duhalde
2867,duhalde
2868,duhalde
2869,duhalde
2870,duhalde
2871,duhalde
2872,duhalde
2873,duhalde
2874,duhalde
2875,duhalde
2876,duhalde
2877,duhalde
2878,duhalde
2879,duhalde
2880,duhalde
2881,duhalde
2882,duhalde
2883,duhalde
2884,duhalde
2885,duhalde
2886,duhalde
2887,duhalde
2888,duhalde
2889,duhalde
2890,duhalde
2891,duhalde
2892,duhalde
2893,duhalde
2894,duhalde
2895,duhalde
2896,duhalde
2897,duhalde
2898,duhalde
2899,duhalde
2900,duhalde
2901,duhalde
2902,duhalde
2903,duhalde
2904,duhalde
2905,duhalde
2906,duhalde
2907,duhalde
2908,duhalde
2909,duhalde
2910,duhalde
2911,duhalde
2912,duhalde
2913,duhalde
2914,duhalde
2915,duhalde
2916,duhalde
2917,duhalde
2918,duhalde
2919,duhalde
2920,duhalde
2921,duhalde
2922,duhalde
2923,duhalde
2924,duhalde
2925,duhalde
2926,duhalde
2927,duhalde
2928,duhalde
2929,duhalde
2930,duhalde
2931,duhalde
2932,duhalde
2933,duhalde
2934,duhalde
2935,duhalde
2936,duhalde
2937,duhalde
2938,duhalde
2939,duhalde
2940,duhalde
2941,duhalde
2942,duhalde
2943,duhalde
2944,duhalde
2945,duhalde
2946,duhalde
2947,duhalde
2948,duhalde
2949,duhalde
2950,duhalde
2951,duhalde
2952,duhalde
2953,duhalde
2954,duhalde
2955,duhalde
2956,duhalde
2957,duhalde
2958,duhalde
2959,duhalde
2960,duhalde
2961,duhalde
2962,duhalde
2963,duhalde
2964,duhalde
2965,duhalde
2966,duhalde
2967,duhalde
2968,duhalde
2969,duhalde
2970,duhalde
2971,duhalde
2972,duhalde
2973,duhalde
2974,duhalde
2975,duhalde
2976,duhalde
2977,duhalde
2978,duhalde
2979,duhalde
2980,duhalde
2981,duhalde
2982,duhalde
2983,duhalde
2984,duhalde
2985,duhalde
2986,duhalde
2987,duhalde
2988,duhalde
2989,duhalde
2990,duhalde
2991,duhalde
2992,duhalde
2993,duhalde
2994,duhalde
2995,duhalde
2996,duhalde
2997,duhalde
2998,duhalde
2999,duhalde
3000,duhalde
3001,menem
3002,menem
3003,menem
3004,menem
3005,menem
3006,menem
3007,menem
3008,menem
3009,menem
3010,menem
3011,menem
3012,menem
3013,menem
3014,menem
3015,menem
3016,menem
3017,menem
3018,menem
3019,menem
3020,menem
3021,menem
3022,menem
3023,menem
3024,menem
3025,menem
3026,menem
3027,menem
3028,menem
3029,menem
3030,menem
3031,menem
3032,menem
3033,menem
3034,menem
3035,menem
3036,menem
3037,menem
3038,menem
3039,menem
3040,menem
3041,menem
3042,menem
3043,menem
3044,menem
3045,menem
3046,menem
3047,menem
3048,menem
3049,menem
3050,menem
3051,menem
3052,menem
3053,menem
3054,menem
3055,menem
3056,menem
3057,menem
3058,menem
3059,menem
3060,menem
3061,menem
3062,menem
3063,menem
3064,menem
3065,menem
3066,menem
3067,menem
3068,menem
3069,menem
3070,menem
3071,menem
3072,menem
3073,menem
3074,menem
3075,menem
3076,menem
3077,menem
3078,menem
3079,menem
3080,menem
3081,menem
3082,menem
3083,menem
3084,menem
3085,menem
3086,menem
3087,menem
3088,menem
3089,menem
3090,menem
3091,menem
3092,menem
3093,menem
3094,menem
3095,menem
3096,menem
3097,menem
3098,menem
3099,menem
3100,menem
3101,menem
3102,menem
3103,menem
3104,menem
3105,menem
3106,menem
3107,menem
3108,menem
3109,menem
3110,menem
3111,menem
3112,menem
3113,menem
3114,menem
3115,menem
3116,menem
3117,menem
3118,menem
3119,menem
3120,menem
3121,menem
3122,menem
3123,menem
3124,menem
3125,menem
3126,menem
3127,menem
3128,menem
3129,menem
3130,menem
3131,menem
3132,menem
3133,menem
3134,menem
3135,menem
3136,menem
3137,menem
3138,menem
3139,menem
3140,menem
3141,menem
3142,menem
3143,menem
3144,menem
3145,menem
3146,menem
3147,menem
3148,menem
3149,menem
3150,menem
3151,menem
3152,menem
3153,menem
3154,menem
3155,menem
3156,menem
3157,menem
3158,menem
3159,menem
3160,menem
3161,menem
3162,menem
3163,menem
3164,menem
3165,menem
3166,menem
3167,menem
3168,menem
3169,menem
3170,menem
3171,menem
3172,menem
3173,menem
3174,menem
3175,menem
3176,menem
3177,menem
3178,menem
3179,menem
3180,menem
3181,menem
3182,menem
3183,menem
3184,menem
3185,menem
3186,menem
3187,menem
3188,menem
3189,menem
3190,menem
3191,menem
3192,menem
3193,menem
3194,menem
3195,menem
3196,menem
3197,menem
3198,menem
3199,menem
3200,menem
3201,menem
3202,menem
3203,menem
3204,menem
3205,menem
3206,menem
3207,menem
3208,menem
3209,menem
3210,menem
3211,menem
3212,menem
3213,menem
3214,menem
3215,menem
3216,menem
3217,menem
3218,menem
3219,menem
3220,menem
3221,menem
3222,menem
3223,menem
3224,menem
3225,menem
3226,menem
3227,menem
3228,menem
3229,menem
3230,menem
3231,menem
3232,menem
3233,menem
3234,menem
3235,menem
3236,menem
3237,menem
3238,menem
3239,menem
3240,menem
3241,menem
3242,menem
3243,menem
3244,menem
3245,menem
3246,menem
3247,menem
3248,menem
3249,menem
3250,menem
3251,menem
3252,menem
3253,menem
3254,menem
3255,menem
3256,menem
3257,menem
3258,menem
3259,menem
3260,menem
3261,menem
3262,menem
3263,menem
3264,menem
3265,menem
3266,menem
3267,menem
3268,menem
3269,menem
3270,menem
3271,menem
3272,menem
3273,menem
3274,menem
3275,menem
3276,menem
3277,menem
3278,menem
3279,menem
3280,menem
3281,menem
3282,menem
3283,menem
3284,menem
3285,menem
3286,menem
3287,menem
3288,menem
3289,menem
3290,menem
3291,menem
3292,menem
3293,menem
3294,menem
3295,menem
3296,menem
3297,menem
3298,menem
3299,menem
3300,menem
3301,menem
3302,menem
3303,menem
3304,menem
3305,menem
3306,menem
3307,menem
3308,menem
3309,menem
3310,menem
3311,menem
3312,menem
3313,menem
3314,menem
3315,menem
3316,menem
3317,menem
3318,menem
3319,menem
3320,menem
3321,menem
3322,menem
3323,menem
3324,menem
3325,menem
3326,menem
3327,menem
3328,menem
3329,menem
3330,menem
3331,menem
3332,menem
3333,menem
3334,menem
3335,menem
3336,menem
3337,menem
3338,menem
3339,menem
3340,menem
3341,menem
3342,menem
3343,menem
3344,menem
3345,menem
3346,menem
3347,menem
3348,menem
3349,menem
3350,menem
3351,menem
3352,menem
3353,menem
3354,menem
3355,menem
3356,menem
3357,menem
3358,menem
3359,menem
3360,menem
3361,menem
3362,menem
3363,menem
3364,menem
3365,menem
3366,menem
3367,menem
3368,menem
3369,menem
3370,menem
3371,menem
3372,menem
3373,menem
3374,menem
3375,menem
3376,menem
3377,menem
3378,menem
3379,menem
3380,menem
3381,menem
3382,menem
3383,menem
3384,menem
3385,menem
3386,menem
3387,menem
3388,menem
3389,menem
3390,menem
3391,menem
3392,menem
3393,menem
3394,menem
3395,menem
3396,menem
3397,menem
3398,menem
3399,menem
3400,menem
3401,menem
3402,menem
3403,menem
3404,menem
3405,menem
3406,menem
3407,menem
3408,menem
3409,menem
3410,menem
3411,menem
3412,menem
3413,menem
3414,menem
3415,menem
3416,menem
3417,menem
3418,menem
3419,menem
3420,menem
3421,menem
3422,menem
3423,menem
3424,menem
3425,menem
3426,menem
3427,menem
3428,menem
3429,menem
3430,menem
3431,menem
3432,menem
3433,menem
3434,menem
3435,menem
3436,menem
3437,menem
3438,menem
3439,menem
3440,menem
3441,menem
3442,menem
3443,menem
3444,menem
3445,menem
3446,menem
3447,menem
3448,menem
3449,menem
3450,menem
3451,menem
3452,menem
3453,menem
3454,menem
3455,menem
3456,menem
3457,menem
3458,menem
3459,menem
3460,menem
3461,menem
3462,menem
3463,menem
3464,menem
3465,menem
3466,menem
3467,menem
3468,menem
3469,menem
3470,menem
3471,menem
3472,menem
3473,menem
3474,menem
3475,menem
3476,menem
3477,menem
3478,menem
3479,menem
3480,menem
3481,menem
3482,menem
3483,menem
3484,menem
3485,menem
3486,menem
3487,menem
3488,menem
3489,menem
3490,menem
3491,menem
3492,menem
3493,menem
3494,menem
3495,menem
3496,menem
3497,menem
3498,menem
3499,menem
3500,menem
3501,alfonsin
3502,alfonsin
3503,alfonsin
3504,alfonsin
3505,alfonsin
3506,alfonsin
3507,alfonsin
3508,alfonsin
3509,alfonsin
3510,alfonsin
3511,alfonsin
3512,alfonsin
3513,alfonsin
3514,alfonsin
3515,alfonsin
3516,alfonsin
3517,alfonsin
3518,alfonsin
3519,alfonsin
3520,alfonsin
3521,alfonsin
3522,alfonsin
3523,alfonsin
3524,alfonsin
3525,alfonsin
3526,alfonsin
3527,alfonsin
3528,alfonsin
3529,alfonsin
3530,alfonsin
3531,alfonsin
3532,alfonsin
3533,alfonsin
3534,alfonsin
3535,alfonsin
3536,alfonsin
3537,alfonsin
3538,alfonsin
3539,alfonsin
3540,alfonsin
3541,alfonsin
3542,alfonsin
3543,alfonsin
3544,alfonsin
3545,alfonsin
3546,alfonsin
3547,alfonsin
3548,alfonsin
3549,alfonsin
3550,alfonsin
3551,alfonsin
3552,alfonsin
3553,alfonsin
3554,alfonsin
3555,alfonsin
3556,alfonsin
3557,alfonsin
3558,alfonsin
3559,alfonsin
3560,alfonsin
3561,alfonsin
3562,alfonsin
3563,alfonsin
3564,alfonsin
3565,alfonsin
3566,alfonsin
3567,alfonsin
3568,alfonsin
3569,alfonsin
3570,alfonsin
3571,alfonsin
3572,alfonsin
3573,alfonsin
3574,alfonsin
3575,alfonsin
3576,alfonsin
3577,alfonsin
3578,alfonsin
3579,alfonsin
3580,alfonsin
3581,alfonsin
3582,alfonsin
3583,alfonsin
3584,alfonsin
3585,alfonsin
3586,alfonsin
3587,alfonsin
3588,alfonsin
3589,alfonsin
3590,alfonsin
3591,alfonsin
3592,alfonsin
3593,alfonsin
3594,alfonsin
3595,alfonsin
3596,alfonsin
3597,alfonsin
3598,alfonsin
3599,alfonsin
3600,alfonsin
3601,alfonsin
3602,alfonsin
3603,alfonsin
3604,alfonsin
3605,alfonsin
3606,alfonsin
3607,alfonsin
3608,alfonsin
3609,alfonsin
3610,alfonsin
3611,alfonsin
3612,alfonsin
3613,alfonsin
3614,alfonsin
3615,alfonsin
3616,alfonsin
3617,alfonsin
3618,alfonsin
3619,alfonsin
3620,alfonsin
3621,alfonsin
3622,alfonsin
3623,alfonsin
3624,alfonsin
3625,alfonsin
3626,alfonsin
3627,alfonsin
3628,alfonsin
3629,alfonsin
3630,alfonsin
3631,alfonsin
3632,alfonsin
3633,alfonsin
3634,alfonsin
3635,alfonsin
3636,alfonsin
3637,alfonsin
3638,alfonsin
3639,alfonsin
3640,alfonsin
3641,alfonsin
3642,alfonsin
3643,alfonsin
3644,alfonsin
3645,alfonsin
3646,alfonsin
3647,alfonsin
3648,alfonsin
3649,alfonsin
3650,alfonsin
3651,alfonsin
3652,alfonsin
3653,alfonsin
3654,alfonsin
3655,alfonsin
3656,alfonsin
3657,alfonsin
3658,alfonsin
3659,alfonsin
3660,alfonsin
3661,alfonsin
3662,alfonsin
3663,alfonsin
3664,alfonsin
3665,alfonsin
3666,alfonsin
3667,alfonsin
3668,alfonsin
3669,alfonsin
3670,alfonsin
3671,alfonsin
3672,alfonsin
3673,alfonsin
3674,alfonsin
3675,alfonsin
3676,alfonsin
3677,alfonsin
3678,alfonsin
3679,alfonsin
3680,alfonsin
3681,alfonsin
3682,alfonsin
3683,alfonsin
3684,alfonsin
3685,alfonsin
3686,alfonsin
3687,alfonsin
3688,alfonsin
3689,alfonsin
3690,alfonsin
3691,alfonsin
3692,alfonsin
3693,alfonsin
3694,alfonsin
3695,alfonsin
3696,alfonsin
3697,alfonsin
3698,alfonsin
3699,alfonsin
3700,alfonsin
3701,alfonsin
3702,alfonsin
3703,alfonsin
3704,alfonsin
3705,alfonsin
3706,alfonsin
3707,alfonsin
3708,alfonsin
3709,alfonsin
3710,alfonsin
3711,alfonsin
3712,alfonsin
3713,alfonsin
3714,alfonsin
3715,alfonsin
3716,alfonsin
3717,alfonsin
3718,alfonsin
3719,alfonsin
3720,alfonsin
3721,alfonsin
3722,alfonsin
3723,alfonsin
3724,alfonsin
3725,alfonsin
3726,alfonsin
3727,alfonsin
3728,alfonsin
3729,alfonsin
3730,alfonsin
3731,alfonsin
3732,alfonsin
3733,alfonsin
3734,alfonsin
3735,alfonsin
3736,alfonsin
3737,alfonsin
3738,alfonsin
3739,alfonsin
3740,alfonsin
3741,alfonsin
3742,alfonsin
3743,alfonsin
3744,alfonsin
3745,alfonsin
3746,alfonsin
3747,alfonsin
3748,alfonsin
3749,alfonsin
3750,alfonsin
3751,alfonsin
3752,alfonsin
3753,alfonsin
3754,alfonsin
3755,alfonsin
3756,alfonsin
3757,alfonsin
3758,alfonsin
3759,alfonsin
3760,alfonsin
3761,alfonsin
3762,alfonsin
3763,alfonsin
3764,alfonsin
3765,alfonsin
3766,alfonsin
3767,alfonsin
3768,alfonsin
3769,alfonsin
3770,alfonsin
3771,alfonsin
3772,alfonsin
3773,alfonsin
3774,alfonsin
3775,alfonsin
3776,alfonsin
3777,alfonsin
3778,alfonsin
3779,alfonsin
3780,alfonsin
3781,alfonsin
3782,alfonsin
3783,alfonsin
3784,alfonsin
3785,alfonsin
3786,alfonsin
3787,alfonsin
3788,alfonsin
3789,alfonsin
3790,alfonsin
3791,alfonsin
3792,alfonsin
3793,alfonsin
3794,alfonsin
3795,alfonsin
3796,alfonsin
3797,alfonsin
3798,alfonsin
3799,alfonsin
3800,alfonsin
3801,alfonsin
3802,alfonsin
3803,alfonsin
3804,alfonsin
3805,alfonsin
3806,alfonsin
3807,alfonsin
3808,alfonsin
3809,alfonsin
3810,alfonsin
3811,alfonsin
3812,alfonsin
3813,alfonsin
3814,alfonsin
3815,alfonsin
3816,alfonsin
3817,alfonsin
3818,alfonsin
3819,alfonsin
3820,alfonsin
3821,alfonsin
3822,alfonsin
3823,alfonsin
3824,alfonsin
3825,alfonsin
3826,alfonsin
3827,alfonsin
3828,alfonsin
3829,alfonsin
3830,alfonsin
3831,alfonsin
3832,alfonsin
3833,alfonsin
3834,alfonsin
3835,alfonsin
3836,alfonsin
3837,alfonsin
3838,alfonsin
3839,alfonsin
3840,alfonsin
3841,alfonsin
3842,alfonsin
3843,alfonsin
3844,alfonsin
3845,alfonsin
3846,alfonsin
3847,alfonsin
3848,alfonsin
3849,alfonsin
3850,alfonsin
3851,alfonsin
3852,alfonsin
3853,alfonsin
3854,alfonsin
3855,alfonsin
3856,alfonsin
3857,alfonsin
3858,alfonsin
3859,alfonsin
3860,alfonsin
3861,alfonsin
3862,alfonsin
3863,alfonsin
3864,alfonsin
3865,alfonsin
3866,alfonsin
3867,alfonsin
3868,alfonsin
3869,alfonsin
3870,alfonsin
3871,alfonsin
3872,alfonsin
3873,alfonsin
3874,alfonsin
3875,alfonsin
3876,alfonsin
3877,alfonsin
3878,alfonsin
3879,alfonsin
3880,alfonsin
3881,alfonsin
3882,alfonsin
3883,alfonsin
3884,alfonsin
3885,alfonsin
3886,alfonsin
3887,alfonsin
3888,alfonsin
3889,alfonsin
3890,alfonsin
3891,alfonsin
3892,alfonsin
3893,alfonsin
3894,alfonsin
3895,alfonsin
3896,alfonsin
3897,alfonsin
3898,alfonsin
3899,alfonsin
3900,alfonsin
3901,alfonsin
3902,alfonsin
3903,alfonsin
3904,alfonsin
3905,alfonsin
3906,alfonsin
3907,alfonsin
3908,alfonsin
3909,alfonsin
3910,alfonsin
3911,alfonsin
3912,alfonsin
3913,alfonsin
3914,alfonsin
3915,alfonsin
3916,alfonsin
3917,alfonsin
3918,alfonsin
3919,alfonsin
3920,alfonsin
3921,alfonsin
3922,alfonsin
3923,alfonsin
3924,alfonsin
3925,alfonsin
3926,alfonsin
3927,alfonsin
3928,alfonsin
3929,alfonsin
3930,alfonsin
3931,alfonsin
3932,alfonsin
3933,alfonsin
3934,alfonsin
3935,alfonsin
3936,alfonsin
3937,alfonsin
3938,alfonsin
3939,alfonsin
3940,alfonsin
3941,alfonsin
3942,alfonsin
3943,alfonsin
3944,alfonsin
3945,alfonsin
3946,alfonsin
3947,alfonsin
3948,alfonsin
3949,alfonsin
3950,alfonsin
3951,alfonsin
3952,alfonsin
3953,alfonsin
3954,alfonsin
3955,alfonsin
3956,alfonsin
3957,alfonsin
3958,alfonsin
3959,alfonsin
3960,alfonsin
3961,alfonsin
3962,alfonsin
3963,alfonsin
3964,alfonsin
3965,alfonsin
3966,alfonsin
3967,alfonsin
3968,alfonsin
3969,alfonsin
3970,alfonsin
3971,alfonsin
3972,alfonsin
3973,alfonsin
3974,alfonsin
3975,alfonsin
3976,alfonsin
3977,alfonsin
3978,alfonsin
3979,alfonsin
3980,alfonsin
3981,alfonsin
3982,alfonsin
3983,alfonsin
3984,alfonsin
3985,alfonsin
3986,alfonsin
3987,alfonsin
3988,alfonsin
3989,alfonsin
3990,alfonsin
3991,alfonsin
3992,alfonsin
3993,alfonsin
3994,alfonsin
3995,alfonsin
3996,alfonsin
3997,alfonsin
3998,alfonsin
3999,alfonsin
4000,alfonsin
